"Filename","Venue","Full_Date"
"1975-09-18","Sophie's, Palo Alto, CA","September 18, 1975"
"1975-09-19","Crabshaw Corner, Sacramento, CA","September 19, 1975"
"1975-09-20","River City, Fairfax, CA","September 20, 1975"
"1975-09-21","River City, Fairfax, CA","September 21, 1975"
"1975-10-08-early","Del Mar Theatre, Santa Cruz, CA","October 8, 1975 (Early Show)"
"1975-10-08-late","Del Mar Theatre, Santa Cruz, CA","October 8, 1975 (Late Show)"
"1975-10-09","River City, Fairfax, CA","October 9, 1975"
"1975-10-10","Flint Center, De Anza College, Cupertino, CA","October 10, 1975"
"1975-10-11","Keystone Berkeley, Berkeley, CA","October 11, 1975"
"1975-10-12","Keystone Berkeley, Berkeley, CA","October 12, 1975"
"1975-10-17","Concord Pavilion, Concord, CA","October 17, 1975"
"1975-10-22","Woolsey Hall, Yale Univ., New Haven, CT","October 22, 1975"
"1975-10-23","Palace Theater, Providence, RI","October 23, 1975"
"1975-10-24-early","Orpheum Theatre, Boston, MA","October 24, 1975 (Early Show)"
"1975-10-24-late","Orpheum Theatre, Boston, MA","October 24, 1975 (Late Show)"
"1975-10-25","Auditorium Theatre, Rochester, NY","October 25, 1975"
"1975-10-26","Century Theatre, Buffalo, NY","October 26, 1975"
"1975-10-27","Bailey Hall, Cornell Univ., Ithaca, NY","October 27, 1975"
"1975-10-28-early","Beacon Theatre, New York, NY","October 28, 1975 (Early Show)"
"1975-10-28-late","Beacon Theatre, New York, NY","October 28, 1975 (Late Show)"
"1975-10-30","Colden Auditorium, Queens College, Queens, NY","October 30, 1975"
"1975-10-31-early","Tower Theater, Upper Darby, PA","October 31, 1975 (Early Show)"
"1975-10-31-late","Tower Theater, Upper Darby, PA","October 31, 1975 (Late Show)"
"1975-11-01-early","Capitol Theatre, Passaic, NJ","November 1, 1975 (Early Show)"
"1975-11-01-late","Capitol Theatre, Passaic, NJ","November 1, 1975 (Late Show)"
"1975-11-02","DAR Constitution Hall, Washington, DC","November 2, 1975"
"1975-11-08","Keystone Berkeley, Berkeley, CA","November 8, 1975"
"1975-11-17","Keystone Berkeley, Berkeley, CA","November 17, 1975"
"1975-11-18","Keystone Berkeley, Berkeley, CA","November 18, 1975"
"1975-11-21","Auditorium Theatre, Chicago, IL","November 21, 1975"
"1975-11-22","St Paul Civic Center Theatre, St Paul, MN","November 22, 1975"
"1975-11-23","Macky Auditorium, Univ. of Colorado, Boulder, CO","November 23, 1975"
"1975-11-29","Keystone Berkeley, Berkeley, CA","November 29, 1975"
"1975-12-17","Keystone Berkeley, Berkeley, CA","December 17, 1975"
"1975-12-19","Winterland, San Francisco, CA","December 19, 1975"
"1975-12-20","Winterland, San Francisco, CA","December 20, 1975"
"1975-12-27-early","La Paloma Theatre, Encinitas, CA","December 27, 1975 (Early Show)"
"1975-12-27-late","La Paloma Theatre, Encinitas, CA","December 27, 1975 (Late Show)"
"1975-12-28-early","La Paloma Theatre, Encinitas, CA","December 28, 1975 (Early Show)"
"1975-12-28-late","La Paloma Theatre, Encinitas, CA","December 28, 1975 (Late Show)"
"1975-12-31","Keystone Berkeley, Berkeley, CA","December 31, 1975"
"1976-01-09","Sophie's, Palo Alto, CA","January 9, 1976"
"1976-01-10","Sophie's, Palo Alto, CA","January 10, 1976"
"1976-01-26","Keystone Berkeley, Berkeley, CA","January 26, 1976"
"1976-01-27","Keystone Berkeley, Berkeley, CA","January 27, 1976"
"1976-01-28","Keystone Berkeley, Berkeley, CA","January 28, 1976"
"1976-02-13","Keystone Berkeley, Berkeley, CA","February 13, 1976"
"1976-02-14","Keystone Berkeley, Berkeley, CA","February 14, 1976"
"1976-02-15","Sophie's, Palo Alto, CA","February 15, 1976"
"1976-02-21-early","La Paloma Theatre, Encinitas, CA","February 21, 1976 (Early Show)"
"1976-02-21-late","La Paloma Theatre, Encinitas, CA","February 21, 1976 (Late Show)"
"1976-02-22-early","La Paloma Theatre, Encinitas, CA","February 22, 1976 (Early Show)"
"1976-02-22-late","La Paloma Theatre, Encinitas, CA","February 22, 1976 (Late Show)"
"1976-02-24","Keystone Berkeley, Berkeley, CA","February 24, 1976"
"1976-02-25","Keystone Berkeley, Berkeley, CA","February 25, 1976"
"1976-02-26-early","Del Mar Theatre, Santa Cruz, CA","February 26, 1976 (Early Show)"
"1976-02-26-late","Del Mar Theatre, Santa Cruz, CA","February 26, 1976 (Late Show)"
"1976-02-28","Crabshaw Corner, Sacramento, CA","February 28, 1976"
"1976-03-03","Lane County Fairgrounds, Eugene, OR","March 3, 1976"
"1976-03-05","Paramount Theatre, Portland, OR","March 5, 1976"
"1976-03-06","Moore's Egyptian Theater, Seattle, WA","March 6, 1976"
"1976-03-12-early","Cahn Auditorium, Northwestern Univ., Evanston, IL","March 12, 1976 (Early Show)"
"1976-03-12-late","Cahn Auditorium, Northwestern Univ., Evanston, IL","March 12, 1976 (Late Show)"
"1976-03-13-early","Finney Chapel, Oberlin College, Oberlin, OH","March 13, 1976 (Early Show)"
"1976-03-13-late","Finney Chapel, Oberlin College, Oberlin, OH","March 13, 1976 (Late Show)"
"1976-03-14","Ohio Theatre, Columbus, OH","March 14, 1976"
"1976-03-18-early","Liberty Hall, Houston, TX","March 18, 1976 (Early Show)"
"1976-03-18-late","Liberty Hall, Houston, TX","March 18, 1976 (Late Show)"
"1976-03-19-early","Liberty Hall, Houston, TX","March 19, 1976 (Early Show)"
"1976-03-19-late","Liberty Hall, Houston, TX","March 19, 1976 (Late Show)"
"1976-03-20","Armadillo World Headquarters, Austin, TX","March 20, 1976"
"1976-03-21","Armadillo World Headquarters, Austin, TX","March 21, 1976"
"1976-03-26","Music Hall Theatre, Kansas City, MO","March 26, 1976"
"1976-03-27","Ambassador Theatre, St. Louis, MO","March 27, 1976"
"1976-03-28","South Hall, Ellis Auditorium, Memphis, TN","March 28, 1976"
"1976-03-30-early","Calderone Concert Hall, Hempstead, NY","March 30, 1976 (Early Show)"
"1976-03-30-late","Calderone Concert Hall, Hempstead, NY","March 30, 1976 (Late Show)"
"1976-04-01","Palace Theater, Waterbury, CT","April 1, 1976"
"1976-04-02-early","Capitol Theatre, Passaic, NJ","April 2, 1976 (Early Show)"
"1976-04-02-late","Capitol Theatre, Passaic, NJ","April 2, 1976 (Late Show)"
"1976-04-03-early","Lisner Auditorium, GWU, Washington, DC","April 3, 1976 (Early Show)"
"1976-04-03-late","Lisner Auditorium, GWU, Washington, DC","April 3, 1976 (Late Show)"
"1976-04-04-early","Page Auditorium, Duke Univ., Durham, NC","April 4, 1976 (Early Show)"
"1976-04-04-late","Page Auditorium, Duke Univ., Durham, NC","April 4, 1976 (Late Show)"
"1976-04-05","Fox Theatre, Atlanta, GA","April 5, 1976"
"1976-05-20","Keystone Berkeley, Berkeley, CA","May 20, 1976"
"1976-05-21","Orpheum Theatre, San Francisco, CA","May 21, 1976"
"1976-05-23","Santa Monica Civic Auditorium, Santa Monica, CA","May 23, 1976"
"1976-07-04","Great American Music Hall, San Francisco, CA","July 4, 1976"
"1976-07-08","Keystone Berkeley, Berkeley, CA","July 8, 1976"
"1976-07-09","Keystone Berkeley, Berkeley, CA","July 9, 1976"
"1976-07-20","Keystone Berkeley, Berkeley, CA","July 20, 1976"
"1976-07-21","Keystone Berkeley, Berkeley, CA","July 21, 1976"
"1976-08-11","Keystone Berkeley, Berkeley, CA","August 11, 1976"
"1976-08-16","Keystone Berkeley, Berkeley, CA","August 16, 1976"
"1976-08-19","Del Mar Theatre, Santa Cruz, CA","August 19, 1976"
"1976-08-21","Keystone Berkeley, Berkeley, CA","August 21, 1976"
"1976-08-22","Keystone Berkeley, Berkeley, CA","August 22, 1976"
"1976-09-10","Keystone Berkeley, Berkeley, CA","September 10, 1976"
"1976-09-11","Keystone Berkeley, Berkeley, CA","September 11, 1976"
"1976-09-12","Keystone Berkeley, Berkeley, CA","September 12, 1976"
"1976-09-15","SS Duchess (New York City Harbor), New York, NY","September 15, 1976"
"1976-09-16","The Dome, CW Post College, Brookville, NY","September 16, 1976"
"1976-09-17","Walsh Auditorium, Seton Hall, South Orange, NJ","September 17, 1976"
"1976-09-18","Ben Light Gym, Ithaca College, Ithaca, NY","September 18, 1976"
"1976-09-20-early","Astor Theatre, Reading, PA","September 20, 1976 (Early Show)"
"1976-09-20-late","Astor Theatre, Reading, PA","September 20, 1976 (Late Show)"
"1976-11-07","Keystone Berkeley, Berkeley, CA","November 7, 1976"
"1976-11-08","Sophie's, Palo Alto, CA","November 8, 1976"
"1976-11-12","Freeborn Hall, UC Davis, Davis, CA","November 12, 1976"
"1976-11-13-early","East Gym, Humboldt State Univ., Arcata, CA","November 13, 1976 (Early Show)"
"1976-11-13-late","East Gym, Humboldt State Univ., Arcata, CA","November 13, 1976 (Late Show)"
"1976-11-15","Keystone Berkeley, Berkeley, CA","November 15, 1976"
"1976-11-16","Sophie's, Palo Alto, CA","November 16, 1976"
"1976-11-19-early","Pismo Theatre, Pismo Beach, CA","November 19, 1976 (Early Show)"
"1976-11-19-late","Pismo Theatre, Pismo Beach, CA","November 19, 1976 (Late Show)"
"1976-11-20-early","Pismo Theatre, Pismo Beach, CA","November 20, 1976 (Early Show)"
"1976-11-20-late","Pismo Theatre, Pismo Beach, CA","November 20, 1976 (Late Show)"
"1976-11-22","Keystone Berkeley, Berkeley, CA","November 22, 1976"
"1976-12-21","Keystone Berkeley, Berkeley, CA","December 21, 1976"
"1976-12-22","Keystone Berkeley, Berkeley, CA","December 22, 1976"
"1976-12-23","Keystone Berkeley, Berkeley, CA","December 23, 1976"
"1977-01-12","Theatre 1839, San Francisco, CA","January 12, 1977"
"1977-01-23","Keystone Palo Alto, Palo Alto, CA","January 23, 1977"
"1977-01-29","Keystone Berkeley, Berkeley, CA","January 29, 1977"
"1977-01-30","Keystone Berkeley, Berkeley, CA","January 30, 1977"
"1977-02-05-early","Campbell Hall, UC Santa Barbara, Goleta, CA","February 5, 1977 (Early Show)"
"1977-02-05-late","Campbell Hall, UC Santa Barbara, Goleta, CA","February 5, 1977 (Late Show)"
"1977-02-06","Keystone Palo Alto, Palo Alto, CA","February 6, 1977"
"1977-04-08","Keystone Palo Alto, Palo Alto, CA","April 8, 1977"
"1977-04-09","Keystone Palo Alto, Palo Alto, CA","April 9, 1977"
"1977-04-10","Keystone Berkeley, Berkeley, CA","April 10, 1977"
"1977-06-12","Keystone Berkeley, Berkeley, CA","June 12, 1977"
"1977-06-13","Keystone Berkeley, Berkeley, CA","June 13, 1977"
"1977-06-15","Keystone Palo Alto, Palo Alto, CA","June 15, 1977"
"1977-06-23-early","Auditorium, Santa Rosa High School, Santa Rosa, CA","June 23, 1977 (Early Show)"
"1977-06-23-late","Auditorium, Santa Rosa High School, Santa Rosa, CA","June 23, 1977 (Late Show)"
"1977-07-01","Keystone Berkeley, Berkeley, CA","July 1, 1977"
"1977-07-02","Keystone Palo Alto, Palo Alto, CA","July 2, 1977"
"1977-07-03","Keystone Palo Alto, Palo Alto, CA","July 3, 1977"
"1977-07-08-early","Calderone Concert Hall, Hempstead, NY","July 8, 1977 (Early Show)"
"1977-07-08-late","Calderone Concert Hall, Hempstead, NY","July 8, 1977 (Late Show)"
"1977-07-09-early","Convention Hall, Asbury Park, NJ","July 9, 1977 (Early Show)"
"1977-07-09-late","Convention Hall, Asbury Park, NJ","July 9, 1977 (Late Show)"
"1977-07-17","Keystone Berkeley, Berkeley, CA","July 17, 1977"
"1977-07-23","Keystone Palo Alto, Palo Alto, CA","July 23, 1977"
"1977-07-24","Keystone Palo Alto, Palo Alto, CA","July 24, 1977"
"1977-07-28","Keystone Palo Alto, Palo Alto, CA","July 28, 1977"
"1977-07-29","Theatre 1839, San Francisco, CA","July 29, 1977"
"1977-07-30","Theatre 1839, San Francisco, CA","July 30, 1977"
"1977-08-06","Keystone Berkeley, Berkeley, CA","August 6, 1977"
"1977-08-07","Keystone Berkeley, Berkeley, CA","August 7, 1977"
"1977-08-12","Pier 31, San Francisco, CA","August 12, 1977"
"1977-11-15","Keystone Berkeley, Berkeley, CA","November 15, 1977"
"1977-11-16","Keystone Berkeley, Berkeley, CA","November 16, 1977"
"1977-11-20","Men's Gym, SUNY Binghamton, Vestal, NY","November 20, 1977"
"1977-11-21-early","The Playhouse, Hofstra Univ., West Hempstead, NY","November 21, 1977 (Early Show)"
"1977-11-21-late","The Playhouse, Hofstra Univ., West Hempstead, NY","November 21, 1977 (Late Show)"
"1977-11-23","Palace Theater, Waterbury, CT","November 23, 1977"
"1977-11-25-early","Tower Theater, Upper Darby, PA","November 25, 1977 (Early Show)"
"1977-11-25-late","Tower Theater, Upper Darby, PA","November 25, 1977 (Late Show)"
"1977-11-26-early","Capitol Theatre, Passaic, NJ","November 26, 1977 (Early Show)"
"1977-11-26-late","Capitol Theatre, Passaic, NJ","November 26, 1977 (Late Show)"
"1977-11-27-early","The Palladium, New York, NY","November 27, 1977 (Early Show)"
"1977-11-27-late","The Palladium, New York, NY","November 27, 1977 (Late Show)"
"1977-11-29","Elting Gym,SUNY, New Paltz, NY","November 29, 1977"
"1977-11-30","New Gym, Buffalo State College, Buffalo, NY","November 30, 1977"
"1977-12-02-early","Orpheum Theatre, Boston, MA","December 2, 1977 (Early Show)"
"1977-12-02-late","Orpheum Theatre, Boston, MA","December 2, 1977 (Late Show)"
"1977-12-03","Binder P.E. Center, Hartwick College, Oneonta, NY","December 3, 1977"
"1977-12-04","The Barn, Rutgers Univ., New Brunswick, NJ","December 4, 1977"
"1977-12-06","The Dome, CW Post College, Brookville, NY","December 6, 1977"
"1977-12-08","Palace Theatre, Albany, NY","December 8, 1977"
"1977-12-09","Pritchard Gym, SUNY, Stony Brook, NY","December 9, 1977"
"1977-12-10-early","Warner Theatre, Washington, DC","December 10, 1977 (Early Show)"
"1977-12-10-late","Warner Theatre, Washington, DC","December 10, 1977 (Late Show)"
"1977-12-11","Recreation Hall, Penn State, Univ. Park, PA","December 11, 1977"
"1977-12-19","Keystone Berkeley, Berkeley, CA","December 19, 1977"
"1977-12-20","Keystone Berkeley, Berkeley, CA","December 20, 1977"
"1977-12-21","Keystone Berkeley, Berkeley, CA","December 21, 1977"
"1977-12-22","Keystone Palo Alto, Palo Alto, CA","December 22, 1977"
"1977-12-23","Keystone Palo Alto, Palo Alto, CA","December 23, 1977"
"1978-02-14","Keystone Berkeley, Berkeley, CA","February 14, 1978"
"1978-02-15","Keystone Berkeley, Berkeley, CA","February 15, 1978"
"1978-02-17","Keystone Palo Alto, Palo Alto, CA","February 17, 1978"
"1978-02-18","Marin Vets Memorial Auditorium, San Rafael, CA","February 18, 1978"
"1978-02-19","Santa Cruz Civic Auditorium, Santa Cruz, CA","February 19, 1978"
"1978-03-03","Keystone Berkeley, Berkeley, CA","March 3, 1978"
"1978-03-04","Keystone Palo Alto, Palo Alto, CA","March 4, 1978"
"1978-03-09","Cleveland Music Hall, Cleveland, OH","March 9, 1978"
"1978-03-10","Auditorium Theatre, Rochester, NY","March 10, 1978"
"1978-03-11","Leroy Concert Theatre, Pawtucket, RI","March 11, 1978"
"1978-03-12","Suffolk Forum, Commack, NY","March 12, 1978"
"1978-03-14","Boston Music Hall, Boston, MA","March 14, 1978"
"1978-03-16","Spectrum Theatre, Philadelphia, PA","March 16, 1978"
"1978-03-17-early","Capitol Theatre, Passaic, NJ","March 17, 1978 (Early Show)"
"1978-03-17-late","Capitol Theatre, Passaic, NJ","March 17, 1978 (Late Show)"
"1978-03-18-early","Warner Theatre, Washington, DC","March 18, 1978 (Early Show)"
"1978-03-18-late","Warner Theatre, Washington, DC","March 18, 1978 (Late Show)"
"1978-03-19","Stanley Theatre, Pittsburgh, PA","March 19, 1978"
"1978-03-22","Veteran's Hall, Sebastopol, CA","March 22, 1978"
"1978-06-10","Keystone Berkeley, Berkeley, CA","June 10, 1978"
"1978-06-11","Keystone Berkeley, Berkeley, CA","June 11, 1978"
"1978-06-17","Keystone Palo Alto, Palo Alto, CA","June 17, 1978"
"1978-06-18","Keystone Palo Alto, Palo Alto, CA","June 18, 1978"
"1978-08-12","Keystone Berkeley, Berkeley, CA","August 12, 1978"
"1978-08-13","Keystone Berkeley, Berkeley, CA","August 13, 1978"
"1978-10-05","Community Center, Rohnert Park, CA","October 5, 1978"
"1978-10-07","Keystone Palo Alto, Palo Alto, CA","October 7, 1978"
"1978-10-08","Keystone Palo Alto, Palo Alto, CA","October 8, 1978"
"1978-10-10","Keystone Berkeley, Berkeley, CA","October 10, 1978"
"1978-10-11","Keystone Berkeley, Berkeley, CA","October 11, 1978"
"1978-10-12","Keystone Berkeley, Berkeley, CA","October 12, 1978"
"1978-10-24","Keystone Berkeley, Berkeley, CA","October 24, 1978"
"1978-10-26","Paramount Theatre, Portland, OR","October 26, 1978"
"1978-10-27","Performing Arts Pavilion, WSU, Cheney, WA","October 27, 1978"
"1978-10-28-early","Paramount Northwest Theatre, Seattle, WA","October 28, 1978 (Early Show)"
"1978-10-28-late","Paramount Northwest Theatre, Seattle, WA","October 28, 1978 (Late Show)"
"1978-11-02","Keystone Berkeley, Berkeley, CA","November 2, 1978"
"1978-11-03","Keystone Palo Alto, Palo Alto, CA","November 3, 1978"
"1979-10-07","Keystone Berkeley, Berkeley, CA","October 7, 1979"
"1979-10-08","Keystone Berkeley, Berkeley, CA","October 8, 1979"
"1979-10-14","Keystone Palo Alto, Palo Alto, CA","October 14, 1979"
"1979-10-21","Keystone Berkeley, Berkeley, CA","October 21, 1979"
"1979-11-16","Keystone Palo Alto, Palo Alto, CA","November 16, 1979"
"1979-11-18","Keystone Berkeley, Berkeley, CA","November 18, 1979"
"1979-12-17","Keystone Berkeley, Berkeley, CA","December 17, 1979"
"1979-12-20","Keystone Palo Alto, Palo Alto, CA","December 20, 1979"
"1979-12-21","Keystone Palo Alto, Palo Alto, CA","December 21, 1979"
"1979-12-22","Keystone Berkeley, Berkeley, CA","December 22, 1979"
"1980-01-20","Keystone Palo Alto, Palo Alto, CA","January 20, 1980"
"1980-01-24","Rio Theatre, Rodeo, CA","January 24, 1980"
"1980-01-27","Keystone Berkeley, Berkeley, CA","January 27, 1980"
"1980-02-01","Stone, San Francisco, CA","February 1, 1980"
"1980-02-02","Stone, San Francisco, CA","February 2, 1980"
"1980-02-07","Catalyst, Santa Cruz, CA","February 7, 1980"
"1980-02-12-early","Lisner Auditorium, GWU, Washington, DC","February 12, 1980 (Early Show)"
"1980-02-12-late","Lisner Auditorium, GWU, Washington, DC","February 12, 1980 (Late Show)"
"1980-02-13","Palace Theatre, Albany, NY","February 13, 1980"
"1980-02-15-early","Orpheum Theatre, Boston, MA","February 15, 1980 (Early Show)"
"1980-02-15-late","Orpheum Theatre, Boston, MA","February 15, 1980 (Late Show)"
"1980-02-16","Charger Gym, Univ. of New Haven, West Haven, CT","February 16, 1980"
"1980-02-17","Laker Hall, SUNY Oswego, Oswego, NY","February 17, 1980"
"1980-02-19","Landmark Theatre, Syracuse, NY","February 19, 1980"
"1980-02-20-early","Fine Arts Center, Umass, Amherst, MA","February 20, 1980 (Early Show)"
"1980-02-20-late","Fine Arts Center, Umass, Amherst, MA","February 20, 1980 (Late Show)"
"1980-02-22","The Barn, Rutgers Univ., New Brunswick, NJ","February 22, 1980"
"1980-02-23-early","Tower Theater, Upper Darby, PA","February 23, 1980 (Early Show)"
"1980-02-23-late","Tower Theater, Upper Darby, PA","February 23, 1980 (Late Show)"
"1980-02-24","Pritchard Gym, SUNY, Stony Brook, NY","February 24, 1980"
"1980-02-26","Ocean State Theatre, Providence, RI","February 26, 1980"
"1980-02-28-early","Wilkins Theatre, Kean College, Union, NJ","February 28, 1980 (Early Show)"
"1980-02-28-late","Wilkins Theatre, Kean College, Union, NJ","February 28, 1980 (Late Show)"
"1980-02-29-early","Calderone Concert Hall, Hempstead, NY","February 29, 1980 (Early Show)"
"1980-02-29-late","Calderone Concert Hall, Hempstead, NY","February 29, 1980 (Late Show)"
"1980-03-01-early","Capitol Theatre, Passaic, NJ","March 1, 1980 (Early Show)"
"1980-03-01-late","Capitol Theatre, Passaic, NJ","March 1, 1980 (Late Show)"
"1980-03-07","Stone, San Francisco, CA","March 7, 1980"
"1980-03-08","Stone, San Francisco, CA","March 8, 1980"
"1980-03-26","Keystone Berkeley, Berkeley, CA","March 26, 1980"
"1980-03-27","Keystone Berkeley, Berkeley, CA","March 27, 1980"
"1980-07-16","Keystone Berkeley, Berkeley, CA","July 16, 1980"
"1980-07-18","Stone, San Francisco, CA","July 18, 1980"
"1980-07-19","Stone, San Francisco, CA","July 19, 1980"
"1980-07-24","Bushnell Auditorium, Hartford, CT","July 24, 1980"
"1980-07-25-early","Orpheum Theatre, Boston, MA","July 25, 1980 (Early Show)"
"1980-07-25-late","Orpheum Theatre, Boston, MA","July 25, 1980 (Late Show)"
"1980-07-26-early","Convention Hall, Asbury Park, NJ","July 26, 1980 (Early Show)"
"1980-07-26-late","Convention Hall, Asbury Park, NJ","July 26, 1980 (Late Show)"
"1980-07-27","Palace Theatre, Albany, NY","July 27, 1980"
"1980-08-07","Keystone Berkeley, Berkeley, CA","August 7, 1980"
"1980-08-08","Keystone Berkeley, Berkeley, CA","August 8, 1980"
"1980-08-09","Keystone Palo Alto, Palo Alto, CA","August 9, 1980"
"1981-01-22","Keystone Palo Alto, Palo Alto, CA","January 22, 1981"
"1981-01-23","Keystone Palo Alto, Palo Alto, CA","January 23, 1981"
"1981-01-27","Old Waldorf, San Francisco, CA","January 27, 1981"
"1981-01-29","Catalyst, Santa Cruz, CA","January 29, 1981"
"1981-01-30","Keystone Berkeley, Berkeley, CA","January 30, 1981"
"1981-01-31","Keystone Berkeley, Berkeley, CA","January 31, 1981"
"1981-02-01","Keystone Berkeley, Berkeley, CA","February 1, 1981"
"1981-02-04","Warner Theatre, Washington, DC","February 4, 1981"
"1981-02-05","Stabler Arena, Lehigh Univ., Bethlehem, PA","February 5, 1981"
"1981-02-06","Tower Theater, Upper Darby, PA","February 6, 1981"
"1981-02-07-early","Orpheum Theatre, Boston, MA","February 7, 1981 (Early Show)"
"1981-02-07-late","Orpheum Theatre, Boston, MA","February 7, 1981 (Late Show)"
"1981-02-09","Ocean State Theatre, Providence, RI","February 9, 1981"
"1981-02-10","Bushnell Auditorium, Hartford, CT","February 10, 1981"
"1981-02-11","The Palladium, New York, NY","February 11, 1981"
"1981-02-13-early","Capitol Theatre, Passaic, NJ","February 13, 1981 (Early Show)"
"1981-02-13-late","Capitol Theatre, Passaic, NJ","February 13, 1981 (Late Show)"
"1981-02-14","Calderone Concert Hall, Hempstead, NY","February 14, 1981"
"1981-02-15","Esby Gym, Glassboro State, Glassboro, NJ","February 15, 1981"
"1981-02-21","Stone, San Francisco, CA","February 21, 1981"
"1981-02-22","Stone, San Francisco, CA","February 22, 1981"
"1981-02-23","Stone, San Francisco, CA","February 23, 1981"
"1981-04-18","Phoenix Theatre, Petaluma, CA","April 18, 1981"
"1981-04-21","Catalyst, Santa Cruz, CA","April 21, 1981"
"1981-04-23","Keystone Berkeley, Berkeley, CA","April 23, 1981"
"1981-04-24","Keystone Palo Alto, Palo Alto, CA","April 24, 1981"
"1981-04-25","Stone, San Francisco, CA","April 25, 1981"
"1981-05-23","Keystone Berkeley, Berkeley, CA","May 23, 1981"
"1981-05-24","Keystone Berkeley, Berkeley, CA","May 24, 1981"
"1981-05-27","Keystone Palo Alto, Palo Alto, CA","May 27, 1981"
"1981-05-28","Keystone Palo Alto, Palo Alto, CA","May 28, 1981"
"1981-05-30","Phoenix Theatre, Petaluma, CA","May 30, 1981"
"1981-05-31","Stone, San Francisco, CA","May 31, 1981"
"1981-06-01","Stone, San Francisco, CA","June 1, 1981"
"1981-06-24","Keystone Palo Alto, Palo Alto, CA","June 24, 1981"
"1981-06-25","Santa Cruz Civic Auditorium, Santa Cruz, CA","June 25, 1981"
"1981-06-26","The Warfield, San Francisco, CA","June 26, 1981"
"1981-07-23","Stone, San Francisco, CA","July 23, 1981"
"1981-07-24","Keystone Palo Alto, Palo Alto, CA","July 24, 1981"
"1981-07-26","Keystone Berkeley, Berkeley, CA","July 26, 1981"
"1981-08-06","Sherwood Hall, Salinas, CA","August 6, 1981"
"1981-08-07","Freeborn Hall, UC Davis, Davis, CA","August 7, 1981"
"1981-08-08","Fox Theatre, Stockton, CA","August 8, 1981"
"1981-08-20","Keystone Berkeley, Berkeley, CA","August 20, 1981"
"1981-08-21","Keystone Berkeley, Berkeley, CA","August 21, 1981"
"1981-08-22","Fairfax Pavilion, Fairfax, CA","August 22, 1981"
"1981-08-23","Keystone Palo Alto, Palo Alto, CA","August 23, 1981"
"1981-09-07","Concord Pavilion, Concord, CA","September 7, 1981"
"1981-09-18","Keystone Berkeley, Berkeley, CA","September 18, 1981"
"1981-09-19","Stone, San Francisco, CA","September 19, 1981"
"1981-09-20","Stone, San Francisco, CA","September 20, 1981"
"1981-10-25","Keystone Palo Alto, Palo Alto, CA","October 25, 1981"
"1981-10-27","Stone, San Francisco, CA","October 27, 1981"
"1981-10-31-early","Tower Theater, Upper Darby, PA","October 31, 1981 (Early Show)"
"1981-10-31-late","Tower Theater, Upper Darby, PA","October 31, 1981 (Late Show)"
"1981-11-01","Tuttle North Gym, SUNY, Brockport, NY","November 1, 1981"
"1981-11-03","Painter's Mill, Owings Mills, MD","November 3, 1981"
"1981-11-04","Palace Theatre, Albany, NY","November 4, 1981"
"1981-11-06-early","Capitol Theatre, Passaic, NJ","November 6, 1981 (Early Show)"
"1981-11-06-late","Capitol Theatre, Passaic, NJ","November 6, 1981 (Late Show)"
"1981-11-07","McDonough Arena, Georgetown, Washington, DC","November 7, 1981"
"1981-11-08","Alumni Gym, Rider College, Lawrence Township, NJ","November 8, 1981"
"1981-11-10-early","The Palladium, New York, NY","November 10, 1981 (Early Show)"
"1981-11-10-late","The Palladium, New York, NY","November 10, 1981 (Late Show)"
"1981-11-12","Springfield Symphony Hall, Springfield, MA","November 12, 1981"
"1981-11-13-early","Orpheum Theatre, Boston, MA","November 13, 1981 (Early Show)"
"1981-11-13-late","Orpheum Theatre, Boston, MA","November 13, 1981 (Late Show)"
"1981-11-14","Patrick Gym, Univ. of Vermont, Burlington, VT","November 14, 1981"
"1981-11-15","Ocean State Performing Arts Center, Providence, RI","November 15, 1981"
"1981-11-17","Uptown Theatre, Chicago, IL","November 17, 1981"
"1981-11-19-early","Rainbow Music Hall, Denver, CO","November 19, 1981 (Early Show)"
"1981-11-19-late","Rainbow Music Hall, Denver, CO","November 19, 1981 (Late Show)"
"1981-12-17","Keystone Palo Alto, Palo Alto, CA","December 17, 1981"
"1981-12-18","Stone, San Francisco, CA","December 18, 1981"
"1981-12-19","Keystone Berkeley, Berkeley, CA","December 19, 1981"
"1982-01-11","Old Waldorf, San Francisco, CA","January 11, 1982"
"1982-01-13","Old Waldorf, San Francisco, CA","January 13, 1982"
"1982-02-02","Catalyst, Santa Cruz, CA","February 2, 1982"
"1982-02-03","Catalyst, Santa Cruz, CA","February 3, 1982"
"1982-02-04","Keystone Palo Alto, Palo Alto, CA","February 4, 1982"
"1982-02-05","Keystone Palo Alto, Palo Alto, CA","February 5, 1982"
"1982-02-26","Keystone Berkeley, Berkeley, CA","February 26, 1982"
"1982-02-27","Keystone Palo Alto, Palo Alto, CA","February 27, 1982"
"1982-02-28","Stone, San Francisco, CA","February 28, 1982"
"1982-03-03","Barbary Coast Room, SFSU, San Francisco, CA","March 3, 1982"
"1982-03-07","The Saddle Rack, San Jose, CA","March 7, 1982"
"1982-03-17","Acker Gym, Chico State Univ., Chico, CA","March 17, 1982"
"1982-03-18","Mojo's, Arcata, CA","March 18, 1982"
"1982-03-19","Mojo's, Arcata, CA","March 19, 1982"
"1982-03-20","Mateel Community Center, Garberville, CA","March 20, 1982"
"1982-03-27","Keystone Berkeley, Berkeley, CA","March 27, 1982"
"1982-04-25","Stone, San Francisco, CA","April 25, 1982"
"1982-04-26","Stone, San Francisco, CA","April 26, 1982"
"1982-04-30","Keystone Berkeley, Berkeley, CA","April 30, 1982"
"1982-05-01","Keystone Berkeley, Berkeley, CA","May 1, 1982"
"1982-05-08","Keystone Berkeley, Berkeley, CA","May 8, 1982"
"1982-05-14","Keystone Palo Alto, Palo Alto, CA","May 14, 1982"
"1982-05-15","Keystone Palo Alto, Palo Alto, CA","May 15, 1982"
"1982-05-31","River Theatre, Guerneville, CA","May 31, 1982"
"1982-06-10","Stone, San Francisco, CA","June 10, 1982"
"1982-06-11","Keystone Berkeley, Berkeley, CA","June 11, 1982"
"1982-06-12","Keystone Palo Alto, Palo Alto, CA","June 12, 1982"
"1982-06-16","Music Mountain, South Fallsburg, NY","June 16, 1982"
"1982-06-17","Veterans Memorial Coliseum, New Haven, CT","June 17, 1982"
"1982-06-18","Cape Cod Coliseum, South Yarmouth, MA","June 18, 1982"
"1982-06-20","Cumberland County Civic Center, Portland, ME","June 20, 1982"
"1982-06-22","Mosque, Richmond, VA","June 22, 1982"
"1982-06-23","Stanley Theatre, Pittsburgh, PA","June 23, 1982"
"1982-06-24-early","Capitol Theatre, Passaic, NJ","June 24, 1982 (Early Show)"
"1982-06-24-late","Capitol Theatre, Passaic, NJ","June 24, 1982 (Late Show)"
"1982-10-13","Catalyst, Santa Cruz, CA","October 13, 1982"
"1982-10-21","Stone, San Francisco, CA","October 21, 1982"
"1982-10-22","Keystone Palo Alto, Palo Alto, CA","October 22, 1982"
"1982-10-23","Keystone Palo Alto, Palo Alto, CA","October 23, 1982"
"1982-10-24","River Theatre, Guerneville, CA","October 24, 1982"
"1982-10-27","Rissmiller's Country Club, Reseda, CA","October 27, 1982"
"1982-10-28-early","Rissmiller's Country Club, Reseda, CA","October 28, 1982 (Early Show)"
"1982-10-28-late","Rissmiller's Country Club, Reseda, CA","October 28, 1982 (Late Show)"
"1982-10-30","Mesa Community Center Amphitheatre, Mesa, AZ","October 30, 1982"
"1982-11-01","Opry House, Austin, TX","November 1, 1982"
"1982-11-02","Cardi's, Houston, TX","November 2, 1982"
"1982-11-03","Riverboat President, New Orleans, LA","November 3, 1982"
"1982-11-05","Chrysler Auditorium, Norfolk, VA","November 5, 1982"
"1982-11-06","Ritchie Coliseum, College Park, MD","November 6, 1982"
"1982-11-07-early","Tower Theater, Upper Darby, PA","November 7, 1982 (Early Show)"
"1982-11-07-late","Tower Theater, Upper Darby, PA","November 7, 1982 (Late Show)"
"1982-11-09-early","Worcester Palladium, Worcester, MA","November 9, 1982 (Early Show)"
"1982-11-09-late","Worcester Palladium, Worcester, MA","November 9, 1982 (Late Show)"
"1982-11-10","Livingston Gym, Rutgers, Piscataway Township, NJ","November 10, 1982"
"1982-11-11-early","Felt Forum, Madison Square Garden, New York, NY","November 11, 1982 (Early Show)"
"1982-11-11-late","Felt Forum, Madison Square Garden, New York, NY","November 11, 1982 (Late Show)"
"1982-11-13","Bushnell Auditorium, Hartford, CT","November 13, 1982"
"1982-11-14","Shapiro Gym, Brandeis Univ., Waltham, MA","November 14, 1982"
"1982-11-15-early","Wilkins Theatre, Kean College, Union, NJ","November 15, 1982 (Early Show)"
"1982-11-15-late","Wilkins Theatre, Kean College, Union, NJ","November 15, 1982 (Late Show)"
"1983-01-13","Keystone Berkeley, Berkeley, CA","January 13, 1983"
"1983-01-14","Stone, San Francisco, CA","January 14, 1983"
"1983-01-15","Stone, San Francisco, CA","January 15, 1983"
"1983-01-18","Catalyst, Santa Cruz, CA","January 18, 1983"
"1983-01-21","Keystone Palo Alto, Palo Alto, CA","January 21, 1983"
"1983-01-22","Phoenix Theatre, Petaluma, CA","January 22, 1983"
"1983-01-23","Keystone Berkeley, Berkeley, CA","January 23, 1983"
"1983-01-24","Keystone Berkeley, Berkeley, CA","January 24, 1983"
"1983-01-25","Stone, San Francisco, CA","January 25, 1983"
"1983-02-26","Keystone Palo Alto, Palo Alto, CA","February 26, 1983"
"1983-02-27","Keystone Palo Alto, Palo Alto, CA","February 27, 1983"
"1983-02-28","Keystone Berkeley, Berkeley, CA","February 28, 1983"
"1983-03-05","Santa Cruz Civic Auditorium, Santa Cruz, CA","March 5, 1983"
"1983-03-06","Stone, San Francisco, CA","March 6, 1983"
"1983-03-07","Stone, San Francisco, CA","March 7, 1983"
"1983-03-11-early","Arlington Theatre, Santa Barbara, CA","March 11, 1983 (Early Show)"
"1983-03-11-late","Arlington Theatre, Santa Barbara, CA","March 11, 1983 (Late Show)"
"1983-03-12-early","Beverly Theatre, Beverly Hills, CA","March 12, 1983 (Early Show)"
"1983-03-12-late","Beverly Theatre, Beverly Hills, CA","March 12, 1983 (Late Show)"
"1983-03-13","Beverly Theatre, Beverly Hills, CA","March 13, 1983"
"1983-05-06","Keystone Berkeley, Berkeley, CA","May 6, 1983"
"1983-05-07","Stone, San Francisco, CA","May 7, 1983"
"1983-05-20-early","Rainbow Music Hall, Denver, CO","May 20, 1983 (Early Show)"
"1983-05-20-late","Rainbow Music Hall, Denver, CO","May 20, 1983 (Late Show)"
"1983-05-21","Rainbow Music Hall, Denver, CO","May 21, 1983"
"1983-05-23","Stages, East St. Louis, IL","May 23, 1983"
"1983-05-25","Shea's Theatre, Buffalo, NY","May 25, 1983"
"1983-05-26","Auditorium Theatre, Rochester, NY","May 26, 1983"
"1983-05-28","Cape Cod Coliseum, South Yarmouth, MA","May 28, 1983"
"1983-05-29","Bushnell Auditorium, Hartford, CT","May 29, 1983"
"1983-05-30","Bushnell Auditorium, Hartford, CT","May 30, 1983"
"1983-05-31","Roseland Ballroom, New York, NY","May 31, 1983"
"1983-06-01","Roseland Ballroom, New York, NY","June 1, 1983"
"1983-06-03-early","Capitol Theatre, Passaic, NJ","June 3, 1983 (Early Show)"
"1983-06-03-late","Capitol Theatre, Passaic, NJ","June 3, 1983 (Late Show)"
"1983-06-04-early","The Chance, Poughkeepsie, NY","June 4, 1983 (Early Show)"
"1983-06-04-late","The Chance, Poughkeepsie, NY","June 4, 1983 (Late Show)"
"1983-06-05-early","Tower Theater, Upper Darby, PA","June 5, 1983 (Early Show)"
"1983-06-05-late","Tower Theater, Upper Darby, PA","June 5, 1983 (Late Show)"
"1983-07-20","Keystone Palo Alto, Palo Alto, CA","July 20, 1983"
"1983-07-21","Stone, San Francisco, CA","July 21, 1983"
"1983-07-22","Stone, San Francisco, CA","July 22, 1983"
"1983-07-24","Nevada County Fairgrounds, Grass Valley, CA","July 24, 1983"
"1983-09-30","The Country Club, Reseda, CA","September 30, 1983"
"1983-10-01","Beverly Theatre, Beverly Hills, CA","October 1, 1983"
"1983-10-03","Palomino Station, Riverside, CA","October 3, 1983"
"1983-10-04","Palomino Station, Riverside, CA","October 4, 1983"
"1983-11-12","Keystone Palo Alto, Palo Alto, CA","November 12, 1983"
"1983-11-13","Stone, San Francisco, CA","November 13, 1983"
"1983-11-14","Stone, San Francisco, CA","November 14, 1983"
"1983-11-15","Keystone Berkeley, Berkeley, CA","November 15, 1983"
"1983-11-23-early","Arie Crown Theater, Chicago, IL","November 23, 1983 (Early Show)"
"1983-11-23-late","Arie Crown Theater, Chicago, IL","November 23, 1983 (Late Show)"
"1983-11-25","Cleveland Music Hall, Cleveland, OH","November 25, 1983"
"1983-11-26-early","Forum, Binghamton, NY","November 26, 1983 (Early Show)"
"1983-11-26-late","Forum, Binghamton, NY","November 26, 1983 (Late Show)"
"1983-11-27","DAR Constitution Hall, Washington, DC","November 27, 1983"
"1983-11-29","Veteran's Memorial Auditorium, Providence, RI","November 29, 1983"
"1983-11-30","Hartford Agora, Hartford, CT","November 30, 1983"
"1983-12-02","Tower Theater, Upper Darby, PA","December 2, 1983"
"1983-12-03-early","Orpheum Theatre, Boston, MA","December 3, 1983 (Early Show)"
"1983-12-03-late","Orpheum Theatre, Boston, MA","December 3, 1983 (Late Show)"
"1983-12-04","Pritchard Gym, SUNY, Stony Brook, NY","December 4, 1983"
"1983-12-06-early","Flynn Theater, Burlington, VT","December 6, 1983 (Early Show)"
"1983-12-06-late","Flynn Theater, Burlington, VT","December 6, 1983 (Late Show)"
"1983-12-07","The Cage, Amherst College, Amherst, MA","December 7, 1983"
"1983-12-09-early","Beacon Theatre, New York, NY","December 9, 1983 (Early Show)"
"1983-12-09-late","Beacon Theatre, New York, NY","December 9, 1983 (Late Show)"
"1983-12-10-early","Capitol Theatre, Passaic, NJ","December 10, 1983 (Early Show)"
"1983-12-10-late","Capitol Theatre, Passaic, NJ","December 10, 1983 (Late Show)"
"1983-12-11","Laker Hall, SUNY, Oswego, NY","December 11, 1983"
"1983-12-13-early","Wilkins Theatre, Kean College, Union, NJ","December 13, 1983 (Early Show)"
"1983-12-13-late","Wilkins Theatre, Kean College, Union, NJ","December 13, 1983 (Late Show)"
"1984-01-08","Stone, San Francisco, CA","January 8, 1984"
"1984-01-09","Stone, San Francisco, CA","January 9, 1984"
"1984-01-13","Paramount Northwest Theatre, Seattle, WA","January 13, 1984"
"1984-01-14","Portland Civic Auditorium, Portland, OR","January 14, 1984"
"1984-01-16","Hult Center For The Performing Arts, Eugene, OR","January 16, 1984"
"1984-03-02","Keystone Palo Alto, Palo Alto, CA","March 2, 1984"
"1984-03-04","Stone, San Francisco, CA","March 4, 1984"
"1984-03-09","Keystone Palo Alto, Palo Alto, CA","March 9, 1984"
"1984-03-10","Keystone Berkeley, Berkeley, CA","March 10, 1984"
"1984-03-11","Keystone Berkeley, Berkeley, CA","March 11, 1984"
"1984-03-21","Keystone Berkeley, Berkeley, CA","March 21, 1984"
"1984-03-22","Keystone Berkeley, Berkeley, CA","March 22, 1984"
"1984-05-11","Keystone Palo Alto, Palo Alto, CA","May 11, 1984"
"1984-05-12","Stone, San Francisco, CA","May 12, 1984"
"1984-05-13","Stone, San Francisco, CA","May 13, 1984"
"1984-05-17","Beverly Theatre, Beverly Hills, CA","May 17, 1984"
"1984-05-18","Irvine Meadows Amphitheatre, Irvine, CA","May 18, 1984"
"1984-05-19","Arlington Theatre, Santa Barbara, CA","May 19, 1984"
"1984-05-20","The Country Club, Reseda, CA","May 20, 1984"
"1984-07-10","Keystone Palo Alto, Palo Alto, CA","July 10, 1984"
"1984-07-11","Keystone Palo Alto, Palo Alto, CA","July 11, 1984"
"1984-07-28","Keystone Palo Alto, Palo Alto, CA","July 28, 1984"
"1984-07-29","Keystone Palo Alto, Palo Alto, CA","July 29, 1984"
"1984-07-31","Stone, San Francisco, CA","July 31, 1984"
"1984-08-01","Stone, San Francisco, CA","August 1, 1984"
"1984-08-07","Mann Music Center, Philadelphia, PA","August 7, 1984"
"1984-08-08","DAR Constitution Hall, Washington, DC","August 8, 1984"
"1984-08-10","Rocky Glen Amusement Park, Moosic, PA","August 10, 1984"
"1984-08-11","Caldwell College, Caldwell, NJ","August 11, 1984"
"1984-08-12","Club Casino Ballroom, Hampton Beach, NH","August 12, 1984"
"1984-08-13","Club Casino Ballroom, Hampton Beach, NH","August 13, 1984"
"1984-08-15","Orange County Community College, Middletown, NY","August 15, 1984"
"1984-08-16","Port Haven Music Hall, East Setauket, NY","August 16, 1984"
"1984-08-18","UIC Pavilion, Univ. of Illinois, Chicago, Chicago, IL","August 18, 1984"
"1984-08-24","Stone, San Francisco, CA","August 24, 1984"
"1984-08-26","Keystone Palo Alto, Palo Alto, CA","August 26, 1984"
"1984-08-27","Keystone Palo Alto, Palo Alto, CA","August 27, 1984"
"1984-09-15","Stone, San Francisco, CA","September 15, 1984"
"1984-09-16","Stone, San Francisco, CA","September 16, 1984"
"1984-09-18","Keystone Palo Alto, Palo Alto, CA","September 18, 1984"
"1984-09-19","Keystone Palo Alto, Palo Alto, CA","September 19, 1984"
"1984-12-02","Stone, San Francisco, CA","December 2, 1984"
"1984-12-03","Stone, San Francisco, CA","December 3, 1984"
"1984-12-05","Hult Center For The Performing Arts, Eugene, OR","December 5, 1984"
"1984-12-06","Starry Night, Portland, OR","December 6, 1984"
"1984-12-07","Starry Night, Portland, OR","December 7, 1984"
"1984-12-08","Paramount Northwest Theatre, Seattle, WA","December 8, 1984"
"1984-12-10","Keystone Palo Alto, Palo Alto, CA","December 10, 1984"
"1985-03-02","Stone, San Francisco, CA","March 2, 1985"
"1985-03-03","Stone, San Francisco, CA","March 3, 1985"
"1985-06-01","Stone, San Francisco, CA","June 1, 1985"
"1985-06-03","Keystone Palo Alto, Palo Alto, CA","June 3, 1985"
"1985-08-04","Stone, San Francisco, CA","August 4, 1985"
"1985-08-05","Stone, San Francisco, CA","August 5, 1985"
"1985-08-09","Stone, San Francisco, CA","August 9, 1985"
"1985-08-10","Keystone Palo Alto, Palo Alto, CA","August 10, 1985"
"1985-08-11","Keystone Palo Alto, Palo Alto, CA","August 11, 1985"
"1985-10-07","Keystone Palo Alto, Palo Alto, CA","October 7, 1985"
"1985-10-08","Keystone Palo Alto, Palo Alto, CA","October 8, 1985"
"1985-10-13","Stone, San Francisco, CA","October 13, 1985"
"1985-10-14","Stone, San Francisco, CA","October 14, 1985"
"1985-12-14","Stone, San Francisco, CA","December 14, 1985"
"1985-12-15","Stone, San Francisco, CA","December 15, 1985"
"1985-12-21","Keystone Palo Alto, Palo Alto, CA","December 21, 1985"
"1985-12-22","Keystone Palo Alto, Palo Alto, CA","December 22, 1985"
"1986-02-21","Stone, San Francisco, CA","February 21, 1986"
"1986-03-09","Keystone Palo Alto, Palo Alto, CA","March 9, 1986"
"1986-03-10","Stone, San Francisco, CA","March 10, 1986"
"1986-05-18","Keystone Palo Alto, Palo Alto, CA","May 18, 1986"
"1986-05-19","Keystone Palo Alto, Palo Alto, CA","May 19, 1986"
"1986-05-23","California Theatre, San Diego, CA","May 23, 1986"
"1986-05-24","Wiltern Theatre, Los Angeles, CA","May 24, 1986"
"1986-05-30","Stone, San Francisco, CA","May 30, 1986"
"1986-05-31","Stone, San Francisco, CA","May 31, 1986"
"1986-10-04","Stone, San Francisco, CA","October 4, 1986"
"1986-10-05","Stone, San Francisco, CA","October 5, 1986"
"1986-10-18","Stone, San Francisco, CA","October 18, 1986"
"1986-10-19","Stone, San Francisco, CA","October 19, 1986"
"1986-10-31","Henry J Kaiser Convention Center, Oakland, CA","October 31, 1986"
"1986-11-10","Stone, San Francisco, CA","November 10, 1986"
"1986-11-11","Stone, San Francisco, CA","November 11, 1986"
"1986-11-30","Stone, San Francisco, CA","November 30, 1986"
"1986-12-03","Stone, San Francisco, CA","December 3, 1986"
"1986-12-08","Stone, San Francisco, CA","December 8, 1986"
"1986-12-21","Stone, San Francisco, CA","December 21, 1986"
"1987-01-24","Stone, San Francisco, CA","January 24, 1987"
"1987-01-25","Stone, San Francisco, CA","January 25, 1987"
"1987-02-10","Stone, San Francisco, CA","February 10, 1987"
"1987-02-20","Marin Vets Memorial Auditorium, San Rafael, CA","February 20, 1987"
"1987-02-21","Lawlor Events Center, Univ. of Nevada, Reno, NV","February 21, 1987"
"1987-02-24","Santa Cruz Civic Auditorium, Santa Cruz, CA","February 24, 1987"
"1987-03-06","USS Carl Vinson, Alameda, CA","March 6, 1987"
"1987-03-08","Stone, San Francisco, CA","March 8, 1987"
"1987-03-09","Stone, San Francisco, CA","March 9, 1987"
"1987-03-10","Stone, San Francisco, CA","March 10, 1987"
"1987-03-13","Wiltern Theatre, Los Angeles, CA","March 13, 1987"
"1987-03-14","Wiltern Theatre, Los Angeles, CA","March 14, 1987"
"1987-04-23","Stone, San Francisco, CA","April 23, 1987"
"1987-04-24","Stone, San Francisco, CA","April 24, 1987"
"1987-05-27","Stone, San Francisco, CA","May 27, 1987"
"1987-05-28","Stone, San Francisco, CA","May 28, 1987"
"1987-08-29","French's Camp on the Eel River, Piercy, CA","August 29, 1987"
"1987-08-30","Greek Theatre, UC Berkeley, Berkeley, CA","August 30, 1987"
"1987-10-15","Lunt-Fontanne Theatre, New York, NY","October 15, 1987"
"1987-10-16","Lunt-Fontanne Theatre, New York, NY","October 16, 1987"
"1987-10-17-early","Lunt-Fontanne Theatre, New York, NY","October 17, 1987 (Early Show)"
"1987-10-17-late","Lunt-Fontanne Theatre, New York, NY","October 17, 1987 (Late Show)"
"1987-10-19","Lunt-Fontanne Theatre, New York, NY","October 19, 1987"
"1987-10-20","Lunt-Fontanne Theatre, New York, NY","October 20, 1987"
"1987-10-21-early","Lunt-Fontanne Theatre, New York, NY","October 21, 1987 (Early Show)"
"1987-10-21-late","Lunt-Fontanne Theatre, New York, NY","October 21, 1987 (Late Show)"
"1987-10-23","Lunt-Fontanne Theatre, New York, NY","October 23, 1987"
"1987-10-24","Lunt-Fontanne Theatre, New York, NY","October 24, 1987"
"1987-10-25-early","Lunt-Fontanne Theatre, New York, NY","October 25, 1987 (Early Show)"
"1987-10-25-late","Lunt-Fontanne Theatre, New York, NY","October 25, 1987 (Late Show)"
"1987-10-27","Lunt-Fontanne Theatre, New York, NY","October 27, 1987"
"1987-10-28-early","Lunt-Fontanne Theatre, New York, NY","October 28, 1987 (Early Show)"
"1987-10-28-late","Lunt-Fontanne Theatre, New York, NY","October 28, 1987 (Late Show)"
"1987-10-30","Lunt-Fontanne Theatre, New York, NY","October 30, 1987"
"1987-10-31-early","Lunt-Fontanne Theatre, New York, NY","October 31, 1987 (Early Show)"
"1987-10-31-late","Lunt-Fontanne Theatre, New York, NY","October 31, 1987 (Late Show)"
"1987-11-27","The Warfield, San Francisco, CA","November 27, 1987"
"1987-11-28","The Warfield, San Francisco, CA","November 28, 1987"
"1987-11-29","The Warfield, San Francisco, CA","November 29, 1987"
"1987-12-03","Wiltern Theatre, Los Angeles, CA","December 3, 1987"
"1987-12-04","Wiltern Theatre, Los Angeles, CA","December 4, 1987"
"1987-12-05","Wiltern Theatre, Los Angeles, CA","December 5, 1987"
"1987-12-06","Wiltern Theatre, Los Angeles, CA","December 6, 1987"
"1988-02-05","Veterans Memorial Auditorium, Santa Rosa, CA","February 5, 1988"
"1988-02-06","The Warfield, San Francisco, CA","February 6, 1988"
"1988-03-04","The Warfield, San Francisco, CA","March 4, 1988"
"1988-03-05","The Warfield, San Francisco, CA","March 5, 1988"
"1988-05-06","Old Fillmore, San Francisco, CA","May 6, 1988"
"1988-05-07","Orpheum Theatre, San Francisco, CA","May 7, 1988"
"1988-07-10","Greek Theatre, UC Berkeley, Berkeley, CA","July 10, 1988"
"1988-10-31","Henry J Kaiser Convention Center, Oakland, CA","October 31, 1988"
"1988-11-04","Cascade Showroom, Caesar's Palace, Stateline, NV","November 4, 1988"
"1988-11-05-early","Cascade Showroom, Caesar's Palace, Stateline, NV","November 5, 1988 (Early Show)"
"1988-11-05-late","Cascade Showroom, Caesar's Palace, Stateline, NV","November 5, 1988 (Late Show)"
"1988-11-25","Wiltern Theatre, Los Angeles, CA","November 25, 1988"
"1988-11-26","Wiltern Theatre, Los Angeles, CA","November 26, 1988"
"1988-11-27","Wiltern Theatre, Los Angeles, CA","November 27, 1988"
"1988-12-02","Orpheum Theatre, San Francisco, CA","December 2, 1988"
"1988-12-03","Orpheum Theatre, San Francisco, CA","December 3, 1988"
"1989-01-27","Orpheum Theatre, San Francisco, CA","January 27, 1989"
"1989-01-28","Orpheum Theatre, San Francisco, CA","January 28, 1989"
"1989-03-03","Orpheum Theatre, San Francisco, CA","March 3, 1989"
"1989-03-04","Orpheum Theatre, San Francisco, CA","March 4, 1989"
"1989-05-19","Irvine Meadows Amphitheatre, Irvine, CA","May 19, 1989"
"1989-05-20","Open Air Theatre, SDSU, San Diego, CA","May 20, 1989"
"1989-05-22","Univ.ersal Amphitheatre, Univ.ersal City, CA","May 22, 1989"
"1989-06-10","French's Camp on the Eel River, Piercy, CA","June 10, 1989"
"1989-08-26","Greek Theatre, UC Berkeley, Berkeley, CA","August 26, 1989"
"1989-09-01","Merriweather Post Pavilion, Columbia, MD","September 1, 1989"
"1989-09-02","Merriweather Post Pavilion, Columbia, MD","September 2, 1989"
"1989-09-03","Spectrum, Philadelphia, PA","September 3, 1989"
"1989-09-05","Hartford Civic Center, Hartford, CT","September 5, 1989"
"1989-09-06","Nassau Veterans Memorial Coliseum, Uniondale, NY","September 6, 1989"
"1989-09-07","Brendan Byrne Arena, East Rutherford, NJ","September 7, 1989"
"1989-09-09","Great Woods Center, Mansfield, MA","September 9, 1989"
"1989-09-10","Great Woods Center, Mansfield, MA","September 10, 1989"
"1989-09-11","Centrum, Worcester, MA","September 11, 1989"
"1989-09-13","Performing Arts Center, Old Orchard Beach, ME","September 13, 1989"
"1989-09-15","Alpine Valley Music Theatre, East Troy, WI","September 15, 1989"
"1989-09-16","Poplar Creek Music Theatre, Hoffman Estates, IL","September 16, 1989"
"1989-10-31","Concord Pavilion, Concord, CA","October 31, 1989"
"1989-12-01","The Warfield, San Francisco, CA","December 1, 1989"
"1989-12-02","The Warfield, San Francisco, CA","December 2, 1989"
"1990-02-02","The Warfield, San Francisco, CA","February 2, 1990"
"1990-02-03","The Warfield, San Francisco, CA","February 3, 1990"
"1990-02-04","The Warfield, San Francisco, CA","February 4, 1990"
"1990-03-01","The Warfield, San Francisco, CA","March 1, 1990"
"1990-03-02","The Warfield, San Francisco, CA","March 2, 1990"
"1990-04-13","The Warfield, San Francisco, CA","April 13, 1990"
"1990-04-14","The Warfield, San Francisco, CA","April 14, 1990"
"1990-04-15","The Warfield, San Francisco, CA","April 15, 1990"
"1990-05-12","Waikiki Shell, Honolulu, HI","May 12, 1990"
"1990-05-20","Afook-Chinen Civic Auditorium, Hilo, HI","May 20, 1990"
"1990-06-12","The Warfield, San Francisco, CA","June 12, 1990"
"1990-06-13","The Warfield, San Francisco, CA","June 13, 1990"
"1990-08-05","Greek Theatre, UC Berkeley, Berkeley, CA","August 5, 1990"
"1990-08-07","The Warfield, San Francisco, CA","August 7, 1990"
"1990-08-08","The Warfield, San Francisco, CA","August 8, 1990"
"1990-08-09","The Warfield, San Francisco, CA","August 9, 1990"
"1990-09-01","Shoreline Amphitheatre, Mountain View, CA","September 1, 1990"
"1990-11-11","Wiltern Theatre, Los Angeles, CA","November 11, 1990"
"1990-11-12","Wiltern Theatre, Los Angeles, CA","November 12, 1990"
"1990-11-13","Wiltern Theatre, Los Angeles, CA","November 13, 1990"
"1990-11-15","Wiltern Theatre, Los Angeles, CA","November 15, 1990"
"1990-11-16","Wiltern Theatre, Los Angeles, CA","November 16, 1990"
"1990-11-20","The Warfield, San Francisco, CA","November 20, 1990"
"1990-11-21","The Warfield, San Francisco, CA","November 21, 1990"
"1990-11-24","Henry J Kaiser Convention Center, Oakland, CA","November 24, 1990"
"1990-12-22","San Francisco Civic Auditorium, San Francisco, CA","December 22, 1990"
"1991-01-29","The Warfield, San Francisco, CA","January 29, 1991"
"1991-01-30","The Warfield, San Francisco, CA","January 30, 1991"
"1991-01-31","The Warfield, San Francisco, CA","January 31, 1991"
"1991-02-28","The Warfield, San Francisco, CA","February 28, 1991"
"1991-03-01","The Warfield, San Francisco, CA","March 1, 1991"
"1991-03-02","The Warfield, San Francisco, CA","March 2, 1991"
"1991-04-19","The Warfield, San Francisco, CA","April 19, 1991"
"1991-04-20","The Warfield, San Francisco, CA","April 20, 1991"
"1991-04-21","The Warfield, San Francisco, CA","April 21, 1991"
"1991-05-22","The Warfield, San Francisco, CA","May 22, 1991"
"1991-05-23","The Warfield, San Francisco, CA","May 23, 1991"
"1991-08-10","French's Camp on the Eel River, Piercy, CA","August 10, 1991"
"1991-08-24","Goldcoast Concert Bowl, Olympic Valley, CA","August 24, 1991"
"1991-11-06","Capital Centre, Landover, MD","November 6, 1991"
"1991-11-07","Capital Centre, Landover, MD","November 7, 1991"
"1991-11-09","Hampton Coliseum, Hampton, VA","November 9, 1991"
"1991-11-10","Charlotte Coliseum, Charlotte, NC","November 10, 1991"
"1991-11-12","Spectrum, Philadelphia, PA","November 12, 1991"
"1991-11-13","Centrum, Worcester, MA","November 13, 1991"
"1991-11-15","Madison Square Garden, New York, NY","November 15, 1991"
"1991-11-16","Knickerbocker Arena, Albany, NY","November 16, 1991"
"1991-11-17","Hartford Civic Center, Hartford, CT","November 17, 1991"
"1991-11-19","Providence Civic Center, Providence, RI","November 19, 1991"
"1991-11-20","Rochester War Memorial Auditorium, Rochester, NY","November 20, 1991"
"1991-11-22","Rosemont Horizon, Rosemont, IL","November 22, 1991"
"1991-11-23","Bradley Center, Milwaukee, WI","November 23, 1991"
"1991-11-24","Target Center, Minneapolis, MN","November 24, 1991"
"1992-02-07","Henry J Kaiser Convention Center, Oakland, CA","February 7, 1992"
"1992-04-25","Event Center Arena, SJSU, San Jose, CA","April 25, 1992"
"1992-04-29","The Warfield, San Francisco, CA","April 29, 1992"
"1992-04-30","The Warfield, San Francisco, CA","April 30, 1992"
"1992-05-01","The Warfield, San Francisco, CA","May 1, 1992"
"1992-05-02","The Warfield, San Francisco, CA","May 2, 1992"
"1992-05-03","The Warfield, San Francisco, CA","May 3, 1992"
"1992-07-24","Cal Expo Amphitheatre, Sacramento, CA","July 24, 1992"
"1992-07-26","Shoreline Amphitheatre, Mountain View, CA","July 26, 1992"
"1992-07-29","Univ.ersal Amphitheatre, Univ.ersal City, CA","July 29, 1992"
"1992-07-31","Ventura County Fairgrounds, Ventura, CA","July 31, 1992"
"1992-08-01","Irvine Meadows Amphitheatre, Irvine, CA","August 1, 1992"
"1992-08-02","Devore Field, Southwestern College, Chula Vista, CA","August 2, 1992"
"1992-10-31","Oakland Coliseum Arena, Oakland, CA","October 31, 1992"
"1992-12-19","The Warfield, San Francisco, CA","December 19, 1992"
"1992-12-21","The Warfield, San Francisco, CA","December 21, 1992"
"1993-01-28","The Warfield, San Francisco, CA","January 28, 1993"
"1993-01-29","The Warfield, San Francisco, CA","January 29, 1993"
"1993-01-30","The Warfield, San Francisco, CA","January 30, 1993"
"1993-02-25","The Warfield, San Francisco, CA","February 25, 1993"
"1993-02-26","The Warfield, San Francisco, CA","February 26, 1993"
"1993-02-27","The Warfield, San Francisco, CA","February 27, 1993"
"1993-04-16","Pauley Pavilion, UCLA, Los Angeles, CA","April 16, 1993"
"1993-04-17","Pauley Pavilion, UCLA, Los Angeles, CA","April 17, 1993"
"1993-04-18","Sports Arena, San Diego, CA","April 18, 1993"
"1993-04-23","The Warfield, San Francisco, CA","April 23, 1993"
"1993-04-24","The Warfield, San Francisco, CA","April 24, 1993"
"1993-04-25","The Warfield, San Francisco, CA","April 25, 1993"
"1993-08-07","Seattle Center Memorial Stadium, Seattle, WA","August 7, 1993"
"1993-08-08","Portland Meadows, Portland, OR","August 8, 1993"
"1993-08-14","Shoreline Amphitheatre, Mountain View, CA","August 14, 1993"
"1993-10-05","The Warfield, San Francisco, CA","October 5, 1993"
"1993-10-06","The Warfield, San Francisco, CA","October 6, 1993"
"1993-10-07","The Warfield, San Francisco, CA","October 7, 1993"
"1993-10-31","Meadowlands Arena, East Rutherford, NJ","October 31, 1993"
"1993-11-01","Nassau Veterans Memorial Coliseum, Uniondale, NY","November 1, 1993"
"1993-11-03","Knickerbocker Arena, Albany, NY","November 3, 1993"
"1993-11-04","Rochester War Memorial Auditorium, Rochester, NY","November 4, 1993"
"1993-11-05","Buffalo Memorial Auditorium, Buffalo, NY","November 5, 1993"
"1993-11-07","USAir Arena, Landover, MD","November 7, 1993"
"1993-11-08","Hartford Civic Center, Hartford, CT","November 8, 1993"
"1993-11-09","Cumberland County Civic Center, Portland, ME","November 9, 1993"
"1993-11-11","Providence Civic Center, Providence, RI","November 11, 1993"
"1993-11-12","Madison Square Garden, New York, NY","November 12, 1993"
"1993-11-14","Onondaga County War Memorial, Syracuse, NY","November 14, 1993"
"1993-11-15","Centrum, Worcester, MA","November 15, 1993"
"1993-11-16","Spectrum, Philadelphia, PA","November 16, 1993"
"1993-11-18","Richmond Coliseum, Richmond, VA","November 18, 1993"
"1993-11-19","Hampton Coliseum, Hampton, VA","November 19, 1993"
"1994-02-04","The Warfield, San Francisco, CA","February 4, 1994"
"1994-02-05","The Warfield, San Francisco, CA","February 5, 1994"
"1994-02-06","The Warfield, San Francisco, CA","February 6, 1994"
"1994-03-09","The Warfield, San Francisco, CA","March 9, 1994"
"1994-04-18","The Warfield, San Francisco, CA","April 18, 1994"
"1994-04-19","The Warfield, San Francisco, CA","April 19, 1994"
"1994-04-20","The Warfield, San Francisco, CA","April 20, 1994"
"1994-04-25","The Warfield, San Francisco, CA","April 25, 1994"
"1994-04-26","The Warfield, San Francisco, CA","April 26, 1994"
"1994-04-27","The Warfield, San Francisco, CA","April 27, 1994"
"1994-05-13","Blockbuster Pavilion, Glen Helen, CA","May 13, 1994"
"1994-05-14","Ventura County Fairgrounds, Ventura, CA","May 14, 1994"
"1994-05-15","Irvine Meadows Amphitheatre, Irvine, CA","May 15, 1994"
"1994-05-17","Starlight Bowl, San Diego, CA","May 17, 1994"
"1994-05-18","Starlight Bowl, San Diego, CA","May 18, 1994"
"1994-05-19","Blockbuster Desert Sky Pavilion, Phoenix, AZ","May 19, 1994"
"1994-08-12","The Warfield, San Francisco, CA","August 12, 1994"
"1994-08-13","The Warfield, San Francisco, CA","August 13, 1994"
"1994-08-14","The Warfield, San Francisco, CA","August 14, 1994"
"1994-09-01","The Warfield, San Francisco, CA","September 1, 1994"
"1994-09-02","The Warfield, San Francisco, CA","September 2, 1994"
"1994-09-10","Reno Hilton Amphitheatre, Reno, NV","September 10, 1994"
"1994-11-11","Henry J Kaiser Convention Center, Oakland, CA","November 11, 1994"
"1995-01-13","The Warfield, San Francisco, CA","January 13, 1995"
"1995-01-14","The Warfield, San Francisco, CA","January 14, 1995"
"1995-01-15","The Warfield, San Francisco, CA","January 15, 1995"
"1995-03-04","The Warfield, San Francisco, CA","March 4, 1995"
"1995-03-05","The Warfield, San Francisco, CA","March 5, 1995"
"1995-04-14","The Warfield, San Francisco, CA","April 14, 1995"
"1995-04-15","The Warfield, San Francisco, CA","April 15, 1995"
"1995-04-21","The Warfield, San Francisco, CA","April 21, 1995"
"1995-04-22","The Warfield, San Francisco, CA","April 22, 1995"
"1995-04-23","The Warfield, San Francisco, CA","April 23, 1995"
